{
  "requiredFields": [
      "mode_of_shipment",
      "request_reference",
      "id",
      "weight_kg",
      "date_of_collection",
      "date_of_arrival_destination",
      "final_quote_awarded_freight_forwader_Carrier",
      "delivery_status"
    ],
  "fieldTypes": {
    "weight_kg": "number",
    "date_of_collection": "ISO8601",
    "date_of_arrival_destination": "ISO8601",
    "date_of_greenlight_to_pickup": "ISO8601",
    "request_reference": "string",
    "cargo_description": "string",
    "item_category": "string",
    "origin_country": "string",
    "origin_longitude": "number",
    "origin_latitude": "number",
    "destination_country": "string",
    "destination_longitude": "number",
    "destination_latitude": "number",
    "carrier": "string",
    "carrier+cost": "number",
    "kuehne_nagel": "boolean",
    "scan_global_logistics": "boolean",
    "dhl_express": "boolean",
    "dhl_global": "boolean",
    "bwosi": "boolean",
    "agl": "boolean",
    "siginon": "boolean",
    "frieght_in_time": "boolean"
  }
}
  
