{
    "forwarder_profiles": {
      "Kuehne + Nagel": {
        "profile": {
          "title": "The Logistics Leviathan 🦑",
          "era": "Since 1890 (Older than your grandma's recipes)",
          "specialty": "Making customs officials weep with efficiency"
        },
        "facts": {
          "reach": "100+ countries, 1300+ offices",
          "secret_weapon": "KN Login platform - stalk your shipments 24/7",
          "power_move": "Once shipped 10k COVID vaccines during a hurricane"
        },
        "humor": {
          "meme": "https://imgflip.com/i/8j5a0a",
          "tagline": "We don't just move cargo - we time-travel it!",
          "roast_level": "Your package arrives before you finish regretting your life choices"
        },
        "interaction_metrics": {
          "user_trust_score": 98,
          "panic_button_usage": "Low (They're too busy being awesome)"
        }
      },
      "Scan Global Logistics": {
        "profile": {
          "title": "The Route Whisperer 🗺️",
          "motto": "No path too obscure, no cargo too weird",
          "superpower": "Finds shipping lanes even Google Maps can't see"
        },
        "facts": {
          "quirks": "Once shipped live penguins to Dubai",
          "flex": "98% on-time delivery during Suez Canal blockage"
        },
        "humor": {
          "soundtrack": "https://youtu.be/9W3RsaWuCuk",
          "meme": "https://imgflip.com/i/8j5b2f",
          "quote": "We don't hunt treasure - we become the treasure!"
        },
        "behavior_insights": {
          "preferred_by": "Adrenaline junkie supply chain managers",
          "risk_tolerance": "High (But calculated like a Vegas card counter)"
        }
      },
      "DHL Express": {
        "profile": {
          "title": "The Midnight Marauder 🦸♂️",
          "claim_to_fame": "Delivers packages before you realize you ordered them",
          "secret": "Actual ninjas on payroll (unconfirmed)"
        },
        "facts": {
          "speed_record": "NYC to Tokyo in 14hrs (beating sunrise)",
          "vehicle_fleet": "More planes than your local airport"
        },
        "humor": {
          "gif": "https://giphy.com/gifs/dhl-dhlparcel-ninja-3o7TKMt1dVAYCwXhTO",
          "warning": "May cause dependency - once you go DHL, everything else feels slow"
        },
        "user_behavior": {
          "addiction_level": "Caffeine-level dependency",
          "panic_click_frequency": "High (When 'ASAP' isn't fast enough)"
        }
      },
      "BWOSI": {
        "profile": {
          "title": "The Cargo Concierge 🎩",
          "specialty": "Treating your widgets like VIPs",
          "motto": "Because even screws deserve first-class seats"
        },
        "facts": {
          "flex": "Once custom-cleared a shipment using interpretive dance",
          "hidden_talent": "Wrapping fragile items better than your mom"
        },
        "humor": {
          "meme": "https://imgflip.com/i/8j5d4h",
          "quote": "We don't ship packages - we ship experiences! (Cue eye roll)"
        },
        "behavior_data": {
          "user_comfort_level": "High (Like ordering from Amazon)",
          "complaints": "0.2% ('Why so much perfection?')"
        }
      },
      "AGL (African Global Logistics)": {
        "profile": {
          "title": "The Savannah Navigator 🐆",
          "superpower": "Dodges logistics hyenas in style",
          "secret_weapon": "Local knowledge older than the pyramids"
        },
        "facts": {
          "proud_moment": "Moved 10k tons of coffee during civil unrest",
          "vehicle_mods": "Land Cruisers with PhDs in off-road logistics"
        },
        "humor": {
          "sound_effect": "https://www.myinstants.com/instant/lion-roar/",
          "meme": "https://imgflip.com/i/8j5e5i",
          "tagline": "We don't fight traffic - we tame it!"
        },
        "behavior_insights": {
          "user_anxiety_level": "Moderate (It's Africa, baby!)",
          "success_rate": "92% ('Better than WiFi in the bush')"
        }
      }
    },
  
    "system_metadata": {
      "last_roast": "2024-03-31T15:00:00Z",
      "comedy_calibration": "Optimal Snark Levels ✅",
      "user_engagement": {
        
        "laughter_count": 1.2,
        "facepalms": 45,
        "ceo_glare_incidents": 12
      },
      "update_note": "Now with 20% more dad jokes per container!"
    }
  }
