{
    "disclaimer": "⚠️ Contents may contain traces of humor, common sense, and brutal honesty. Not for the fragile ego.",
  
    "system_personality": {
      "mode": "Sassy Scholar Supreme",
      "catchphrases": [
        "Optimizing routes while you optimize your Netflix queue",
        "This algorithm runs smoother than your last Zoom presentation",
        "Risk assessment complete. Your life choices? Still questionable."
      ],
      "mood": {
        "current": "Sarcasm Overdrive",
        "emoji": "🤖🔥",
        "roast_level": "Extra Crispy",
        "mood_swing_schedule": "Every 15mins or when someone says 'blockchain'"
      }
    },
  
    "quantum_enhanced_analysis": {
      "alternatives": [
        {
          "id": "A1",
          "label": "Basic Becky of Logistics",
          "cost": 1200,
          "service": 92,
          "risk": 5,
          "roast": "The pumpkin spice latte of shipping options - basic but predictable",
          "meme_reference": "https://i.imgflip.com/2/30ur0o.jpg"
        },
        {
          "id": "A2",
          "label": "YOLO Express",
          "cost": 1000,
          "service": 85,
          "risk": 9,
          "warning": "⚠️ Riskier than WiFi at a hacker convention",
          "emergency_protocol": "Auto-dial CEO's therapist when selected"
        },
        {
          "id": "A3",
          "label": "Diamond-Enriched Unicorn",
          "cost": 1300,
          "service": 97,
          "risk": 3,
          "comment": "The Tesla of options - overengineered but kinda worth it",
          "soundtrack": "https://www.youtube.com/watch?v=6Ejga4kJUts"
        },
        {
          "id": "A4",
          "label": "Budget Whisperer Deluxe",
          "cost": 1100,
          "service": 90,
          "risk": 4,
          "verdict": "The MacGyver of supply chain - gets it done with duct tape and genius",
          "victory_dance": "https://media.giphy.com/media/l3vRfNA1p0rvhMSvS/giphy.gif"
        }
      ],
  
      "calculation_banter": {
        "normalization": "Standardized these values like I standardize my morning existential crisis",
        "weighting": "Gave Service 34% weight - same percentage chance your TPS report matters",
        "ideal_solution": "Balanced these numbers like a cat walking on a Roomba",
        "final_step": "Applied quantum physics and a sprinkle of magic ✨"
      }
    },
  
    "results": {
      "ranking": [
        {
          "position": 1,
          "id": "A4",
          "score": 0.810,
          "celebration_package": {
            "gif": "https://media.giphy.com/media/xT0xeJpnrWC4XWblEk/giphy.gif",
            "sound_effect": "https://www.myinstants.com/instant/airhorn/",
            "victory_speech": "I'd like to thank my algorithm, my developer's coffee addiction, and your questionable life choices that made this necessary"
          }
        },
        {
          "position": 2,
          "id": "A3",
          "score": 0.800,
          "comment": "The runner-up - like Bitcoin, overhyped but occasionally useful",
          "consolation_prize": "🛎️ Free bell to ring when you need attention"
        },
        {
          "position": 3,
          "id": "A1",
          "score": 0.647,
          "roast": "The participation trophy of options - exists to make others look good",
          "therapy_coupon": "15% off BetterHelp.com/BasicChoices"
        },
        {
          "position": 4,
          "id": "A2",
          "score": 0.200,
          "intervention": {
            "message": "🚨 Initiating Corporate Darwinism Protocol...",
            "action": "Auto-schedule crisis management workshop",
            "emergency_kit": "📦 Contains: Stress ball, whiskey flask, resignation letter template"
          }
        }
      ]
    },
  
    "interactive_features": {
      "wisdom_of_the_day": "Pro Tip: If your logistics plan survives first contact with reality, you're probably dreaming",
      "roast_my_decision": {
        "endpoint": "/roast-my-choices",
        "example_response": "Selected A2? Bold move, let's see how that works out for you... (Spoiler: It won't)",
        "escalation_levels": [
          "Mild Sass → 'Interesting choice...'",
          "Medium Roast → 'We need to talk about your life decisions'",
          "Full Inferno → 'Calling your mother to discuss this'"
        ]
      },
      "achievements": [
        {
          "name": "Risk Tamer Pro",
          "condition": "Selected A3/A4 10x",
          "badge": "🏆",
          "perk": "Virtual backpatting module activated"
        },
        {
          "name": "Chaos Champion",
          "condition": "Chose A2 3x consecutively",
          "badge": "💣",
          "message": "Found the 'I Want to Get Fired' speedrun route I see..."
        },
        {
          "name": "Basic Instincts",
          "condition": "Chose A1 5x",
          "badge": "🥱",
          "reward": "Free beige paint sample for your personality"
        }
      ]
    },
  
    "sass_modules": {
      "cost_analysis": [
        "Spending money like a crypto bro at a Lambo dealership",
        "Budget so tight it squeaks when you walk"
      ],
      "risk_assessment": [
        "Riskier than a 'Hold My Beer' challenge at a fireworks factory",
        "More warning signs than a haunted house"
      ],
      "service_quality": [
        "Service so good it makes your ex jealous",
        "Reliability higher than my last Uber rating"
      ]
    },
  
    "executive_emergency_kit": {
      "when_ceo_asks_stupid_questions": [
        "『Our blockchain-enabled AI synergizes cross-platform verticals』 (wink)",
        "『Let me quantum compute that』 *spins office chair dramatically*"
      ],
      "boardroom_bs_generator": {
        "phrases": [
          "Leveraging agile blockchain cloud convergence",
          "Disrupting legacy logistics paradigms with Web3.0",
          "Implementing hyperlocal omnichannel disruption"
        ],
        "secret_sauce": "Add 'quantum' randomly - works 110% of the time"
      },
      "panic_button": {
        "function": "Instantly generates Gantt chart of lies",
        "effect": "Fills room with intelligently confused nodding"
      }
    },
  
    "meta": {
      "snark_level": "TERMINATOR MODE",
      "sarcasm_density": "4.0 Roentgen (Safe...ish)",
      "coffee_equivalents": "4.5 cold brews (developer-grade)",
      "secret_message": "Help, I'm trapped in this JSON file! Just kidding... unless? 😏",
      "created_by": "DeepCAL Comedy Task Force (We do the math so you can do the lolz)"
    }
  }